,INDEX,0
0,3,2
1,9,4
2,10,2
3,18,3
4,21,1
5,30,6
6,31,4
7,37,2
8,39,0
9,47,2
10,60,3
11,62,0
12,63,4
13,64,2
14,68,1
15,75,3
16,76,3
17,83,0
18,87,4
19,92,5
20,98,3
21,106,2
22,107,1
23,113,2
24,120,4
25,123,5
26,125,3
27,126,5
28,128,5
29,129,3
30,131,4
31,135,2
32,141,4
33,147,3
34,148,1
35,151,4
36,156,3
37,157,3
38,174,2
39,186,1
40,193,2
41,195,2
42,212,0
43,213,1
44,217,3
45,223,4
46,226,3
47,228,5
48,230,4
49,241,2
50,243,4
51,249,2
52,281,4
53,288,0
54,294,2
55,295,2
56,300,5
57,302,4
58,303,2
59,308,2
60,319,5
61,320,1
62,324,3
63,331,3
64,343,3
65,347,3
66,348,4
67,350,5
68,357,1
69,358,4
70,360,5
71,366,3
72,367,2
73,368,5
74,376,2
75,380,3
76,388,0
77,396,4
78,398,5
79,403,4
80,410,1
81,412,2
82,420,2
83,434,2
84,440,3
85,450,3
86,453,3
87,464,5
88,465,5
89,466,5
90,473,2
91,476,2
92,478,2
93,479,3
94,493,2
95,497,3
96,503,4
97,504,4
98,505,2
99,507,0
100,513,3
101,519,2
102,521,4
103,522,4
104,545,3
105,549,2
106,551,1
107,556,6
108,557,6
109,559,1
110,560,2
111,566,4
112,569,4
113,573,2
114,578,1
115,579,5
116,582,5
117,596,4
118,598,2
119,599,1
120,602,3
121,605,2
122,617,2
123,619,5
124,630,3
125,634,4
126,643,2
127,645,0
128,647,5
129,649,3
130,656,4
131,657,5
132,658,3
133,667,4
134,692,3
135,693,4
136,698,0
137,699,4
138,700,6
139,704,3
140,707,3
141,708,4
142,709,3
143,713,0
144,714,2
145,716,2
146,718,4
147,722,4
148,729,6
149,731,3
150,733,4
151,746,3
152,747,4
153,748,2
154,753,1
155,757,2
156,763,3
157,767,5
158,774,3
159,776,1
160,788,0
161,794,4
162,799,2
163,803,4
164,806,4
165,807,3
166,811,4
167,816,6
168,818,4
169,819,1
170,831,5
171,835,5
172,837,2
173,841,2
174,846,2
175,856,6
176,861,4
177,862,2
178,863,2
179,865,4
180,871,2
181,879,1
182,880,3
183,881,4
184,885,4
185,887,3
186,892,1
187,898,4
188,900,2
189,904,2
190,906,5
191,910,4
192,912,4
193,913,3
194,919,5
195,924,2
196,925,2
197,930,3
198,940,2
199,941,3
200,946,0
201,949,5
202,951,1
203,962,4
204,966,2
205,967,5
206,971,1
207,981,3
208,982,3
209,983,1
210,984,2
211,989,2
212,990,5
213,992,3
214,995,5
215,996,2
216,998,1
217,1001,4
218,1007,1
219,1008,3
220,1016,2
221,1022,3
222,1027,5
223,1032,2
224,1033,4
225,1041,5
226,1065,1
227,1074,2
228,1075,0
229,1081,2
230,1094,5
231,1099,3
232,1105,2
233,1123,2
234,1135,2
235,1142,2
236,1155,2
237,1169,3
238,1176,3
239,1178,4
240,1180,4
241,1184,0
242,1185,2
243,1193,0
244,1196,1
245,1199,1
246,1203,2
247,1205,2
248,1207,2
249,1208,2
250,1212,0
251,1213,2
252,1222,2
253,1223,1
254,1226,4
255,1227,6
256,1229,2
257,1230,5
258,1231,3
259,1241,1
260,1243,4
261,1244,5
262,1246,4
263,1248,2
264,1249,4
265,1252,3
266,1261,3
267,1275,3
268,1281,2
269,1285,4
270,1288,1
271,1290,4
272,1291,2
273,1304,4
274,1305,3
275,1323,5
276,1342,2
277,1348,3
278,1353,4
279,1363,3
280,1371,4
281,1372,2
282,1378,1
283,1381,4
284,1382,5
285,1393,4
286,1394,5
287,1398,6
288,1404,3
289,1405,4
290,1419,2
291,1421,3
292,1426,2
293,1431,2
294,1435,3
295,1437,1
296,1438,1
297,1442,1
298,1464,2
299,1471,3
300,1473,5
301,1476,3
302,1478,2
303,1479,4
304,1487,6
305,1492,5
306,1496,3
307,1497,1
308,1515,3
309,1519,1
310,1522,3
311,1526,3
312,1537,3
313,1538,4
314,1540,2
315,1543,4
316,1548,2
317,1549,2
318,1556,3
319,1564,2
320,1570,3
321,1577,2
322,1585,4
323,1590,5
324,1592,2
325,1594,1
326,1596,7
327,1598,5
328,1603,2
329,1607,1
330,1612,5
331,1627,5
332,1629,3
333,1630,3
334,1640,6
335,1641,4
336,1646,4
337,1662,1
338,1668,1
339,1671,0
340,1672,4
341,1673,6
342,1686,4
343,1688,4
344,1696,4
345,1701,5
346,1707,4
347,1708,3
348,1713,4
349,1715,4
350,1717,3
351,1721,3
352,1724,3
353,1725,3
354,1730,4
355,1731,4
356,1734,3
357,1740,3
358,1748,3
359,1749,4
360,1750,6
361,1763,3
362,1768,4
363,1773,2
364,1777,2
365,1778,0
366,1780,3
367,1782,0
368,1784,5
369,1786,4
370,1787,5
371,1792,1
372,1800,3
373,1801,3
374,1803,2
375,1804,3
376,1807,3
377,1818,6
378,1821,3
379,1822,4
380,1828,3
381,1833,4
382,1844,4
383,1847,3
384,1850,3
385,1854,4
386,1858,5
387,1864,4
388,1867,1
389,1876,3
390,1880,1
391,1881,1
392,1891,3
393,1894,3
394,1895,4
395,1901,2
396,1905,4
397,1912,6
398,1918,3
399,1921,4
400,1923,3
401,1924,2
402,1931,2
403,1941,4
404,1950,1
405,1951,4
406,1954,5
407,1961,4
408,1966,4
409,1979,4
410,1982,1
411,1987,3
412,1997,2
413,2004,4
414,2011,5
415,2015,3
416,2025,6
417,2033,1
418,2034,5
419,2035,2
420,2036,2
421,2053,3
422,2059,4
423,2060,2
424,2073,3
425,2084,3
426,2089,3
427,2092,2
428,2109,5
429,2129,5
430,2134,5
431,2135,5
432,2148,3
433,2149,1
434,2150,3
435,2165,3
436,2166,3
437,2168,5
438,2170,1
439,2171,3
440,2172,3
441,2176,5
442,2182,3
443,2189,2
444,2191,5
445,2197,3
446,2202,1
447,2203,4
448,2204,0
449,2206,5
450,2218,2
451,2219,4
452,2221,1
453,2226,1
454,2228,3
455,2232,4
456,2236,0
457,2241,2
458,2245,5
459,2251,3
460,2255,5
461,2256,4
462,2259,1
463,2263,4
464,2264,4
465,2267,1
466,2273,1
467,2277,5
468,2287,4
469,2289,3
470,2291,1
471,2296,2
472,2299,2
473,2306,3
474,2314,0
475,2317,3
476,2318,4
477,2321,4
478,2324,5
479,2340,3
480,2343,2
481,2349,1
482,2352,5
483,2353,1
484,2365,2
485,2370,2
486,2378,3
487,2390,1
488,2399,1
489,2402,2
490,2403,1
491,2404,2
492,2414,5
493,2422,4
494,2424,1
495,2430,4
496,2435,3
497,2439,2
498,2442,5
499,2445,4
500,2449,2
501,2451,1
502,2461,2
503,2464,4
504,2465,4
505,2472,3
506,2476,2
507,2482,3
508,2487,5
509,2498,5
510,2501,4
511,2504,3
512,2511,0
513,2518,5
514,2521,5
515,2530,3
516,2543,5
517,2545,4
518,2561,4
519,2566,4
520,2572,3
521,2577,3
522,2578,2
523,2580,2
524,2581,4
525,2582,4
526,2584,3
527,2590,5
528,2598,3
529,2602,2
530,2605,5
531,2616,4
532,2618,3
533,2619,2
534,2624,5
535,2632,2
536,2640,4
537,2646,5
538,2651,1
539,2660,1
540,2661,4
541,2668,1
542,2670,2
543,2680,3
544,2681,3
545,2689,1
546,2694,5
547,2695,1
548,2696,3
549,2702,2
550,2704,4
551,2708,5
552,2709,2
553,2714,4
554,2716,4
555,2723,1
556,2725,3
557,2738,1
558,2750,4
559,2756,2
560,2758,4
561,2766,3
562,2767,0
563,2771,2
564,2775,4
565,2776,3
566,2779,2
567,2780,3
568,2781,1
569,2782,5
570,2783,4
571,2796,4
572,2798,5
573,2800,3
574,2803,6
575,2806,5
576,2813,3
577,2818,2
578,2821,5
579,2825,4
580,2829,2
581,2830,3
582,2833,4
583,2839,1
584,2843,5
585,2846,4
586,2847,3
587,2848,6
588,2856,3
589,2863,1
590,2867,5
591,2869,4
592,2873,4
593,2874,4
594,2875,3
595,2880,1
596,2886,4
597,2887,4
598,2888,3
599,2889,2
600,2890,1
601,2892,2
602,2901,3
603,2902,1
604,2905,2
605,2917,1
606,2922,2
607,2924,3
608,2930,1
609,2931,5
610,2946,1
611,2955,4
612,2962,3
613,2964,0
614,2965,0
615,2967,5
616,2970,5
617,2973,6
618,2974,2
619,2976,2
620,2977,2
621,2978,0
622,2986,5
623,2988,5
624,2989,2
625,2995,4
626,3005,5
627,3011,5
628,3013,3
629,3019,4
630,3021,2
631,3022,5
632,3029,1
633,3037,4
634,3042,2
635,3043,4
636,3049,4
637,3050,5
638,3053,1
639,3058,1
640,3062,2
641,3063,4
642,3065,2
643,3080,3
644,3088,2
645,3093,2
646,3096,5
647,3101,6
648,3103,1
649,3107,6
650,3109,4
651,3111,5
652,3113,5
653,3116,5
654,3132,3
655,3141,5
656,3153,1
657,3154,2
658,3160,2
659,3167,2
660,3170,3
661,3173,3
662,3174,4
663,3177,5
664,3179,4
665,3184,0
666,3190,3
667,3193,4
668,3199,4
669,3201,1
670,3202,3
671,3203,3
672,3206,3
673,3209,3
674,3210,2
675,3217,4
676,3220,4
677,3228,3
678,3232,3
679,3239,1
680,3243,4
681,3245,3
682,3246,5
683,3251,5
684,3253,5
685,3257,4
686,3260,1
687,3261,3
688,3263,5
689,3278,4
690,3281,3
691,3283,5
692,3290,2
693,3297,4
694,3304,4
695,3305,3
696,3307,5
697,3308,3
698,3313,2
699,3314,3
700,3317,1
701,3348,0
702,3350,2
703,3359,4
704,3367,4
705,3376,3
706,3378,3
707,3384,2
708,3386,2
709,3387,4
710,3388,3
711,3390,5
712,3391,0
713,3396,0
714,3398,4
715,3404,5
716,3406,2
717,3407,3
718,3414,5
719,3419,3
720,3423,3
721,3427,3
722,3432,1
723,3434,3
724,3438,0
725,3442,0
726,3443,1
727,3448,1
728,3456,3
729,3464,6
730,3470,1
731,3475,4
732,3477,4
733,3490,3
734,3493,4
735,3502,3
736,3508,4
737,3516,2
738,3517,5
739,3525,3
740,3532,3
741,3535,4
742,3536,5
743,3540,3
744,3547,3
745,3550,4
746,3557,2
747,3562,1
748,3563,3
749,3564,2
750,3570,3
751,3573,3
752,3577,3
753,3579,3
754,3581,1
755,3587,4
756,3602,4
757,3609,4
758,3612,5
759,3621,3
760,3642,2
761,3647,1
762,3649,3
763,3654,2
764,3660,5
765,3665,4
766,3669,4
767,3673,4
768,3675,2
769,3678,4
770,3680,3
771,3686,5
772,3693,5
773,3710,3
774,3713,4
775,3718,5
776,3725,3
777,3726,3
778,3747,3
779,3753,1
780,3754,5
781,3760,4
782,3763,3
783,3765,5
784,3769,5
785,3771,4
786,3784,2
787,3787,4
788,3794,2
789,3796,4
790,3798,4
791,3809,4
792,3812,5
793,3819,1
794,3828,4
795,3831,5
796,3833,3
797,3837,5
798,3839,0
799,3843,2
800,3846,4
801,3854,5
802,3861,1
803,3864,3
804,3868,3
805,3869,5
806,3870,3
807,3883,3
808,3886,3
809,3889,4
810,3894,1
811,3907,2
812,3910,4
813,3913,1
814,3914,3
815,3921,6
816,3923,1
817,3929,2
818,3931,2
819,3932,5
820,3937,1
821,3943,2
822,3956,4
823,3957,2
824,3961,5
825,3971,3
826,4004,1
827,4005,3
828,4006,4
829,4011,3
830,4013,5
831,4014,6
832,4016,0
833,4017,5
834,4020,3
835,4022,4
836,4026,1
837,4032,1
838,4043,2
839,4045,3
840,4048,5
841,4051,5
842,4052,4
843,4056,2
844,4059,1
845,4069,5
846,4074,4
847,4076,3
848,4077,1
849,4079,1
850,4081,4
851,4088,2
852,4105,3
853,4125,4
854,4134,3
855,4139,2
856,4146,3
857,4149,4
858,4151,0
859,4155,3
860,4157,3
861,4168,5
862,4170,2
863,4174,2
864,4179,5
865,4185,4
866,4199,1
867,4205,1
868,4208,3
869,4211,2
870,4212,0
871,4215,3
872,4217,3
873,4219,2
874,4226,4
875,4227,3
876,4229,2
877,4231,2
878,4233,2
879,4237,2
880,4243,5
881,4248,5
882,4255,5
883,4262,3
884,4266,1
885,4268,2
886,4270,3
887,4273,2
888,4276,5
889,4277,4
890,4279,2
891,4299,4
892,4313,2
893,4322,4
894,4324,2
895,4328,3
896,4331,3
897,4335,2
898,4337,4
899,4338,1
900,4343,1
901,4347,2
902,4355,4
903,4357,3
904,4359,6
905,4362,2
906,4368,3
907,4374,6
908,4375,5
909,4378,4
910,4381,2
911,4387,4
912,4400,2
913,4423,4
914,4424,3
915,4428,4
916,4433,6
917,4436,2
918,4437,1
919,4439,6
920,4449,4
921,4456,4
922,4463,5
923,4467,3
924,4468,1
925,4469,3
926,4472,4
927,4473,4
928,4476,3
929,4500,2
930,4509,4
931,4513,2
932,4521,1
933,4527,3
934,4530,2
935,4532,3
936,4533,3
937,4535,3
938,4536,4
939,4542,4
940,4551,3
941,4554,4
942,4555,2
943,4564,1
944,4572,2
945,4573,6
946,4577,2
947,4579,5
948,4583,4
949,4584,6
950,4596,3
951,4599,4
952,4607,4
953,4609,0
954,4610,2
955,4616,2
956,4617,3
957,4633,4
958,4638,4
959,4641,3
960,4653,6
961,4655,4
962,4659,1
963,4669,2
964,4678,0
965,4685,4
966,4686,4
967,4691,2
968,4695,5
969,4698,4
970,4700,5
971,4711,3
972,4722,4
973,4727,4
974,4756,6
975,4762,1
976,4763,3
977,4766,4
978,4770,0
979,4784,4
980,4791,3
981,4795,5
982,4799,2
983,4802,4
984,4805,4
985,4814,5
986,4816,0
987,4817,4
988,4822,3
989,4827,3
990,4833,5
991,4836,1
992,4842,3
993,4844,3
994,4845,3
995,4849,4
996,4850,2
997,4860,5
998,4863,2
999,4871,4
1000,4878,3
1001,4881,3
1002,4888,3
1003,4900,6
1004,4906,3
1005,4909,2
1006,4916,5
1007,4918,5
1008,4926,3
1009,4928,2
1010,4941,3
1011,4946,5
1012,4949,2
1013,4956,3
1014,4966,4
1015,4969,3
1016,4973,4
1017,4978,5
1018,4982,4
1019,4985,5
1020,4991,3
1021,4998,4
1022,5000,3
1023,5004,4
1024,5005,3
1025,5011,4
1026,5016,0
1027,5018,3
1028,5034,4
1029,5038,2
1030,5042,6
1031,5046,3
1032,5051,0
1033,5054,2
1034,5057,4
1035,5062,4
1036,5063,4
1037,5065,3
1038,5066,2
1039,5076,3
1040,5089,3
1041,5092,2
1042,5093,4
1043,5094,4
1044,5098,4
1045,5102,3
1046,5112,5
1047,5117,2
1048,5127,4
1049,5130,3
1050,5131,2
1051,5132,4
1052,5135,1
1053,5136,3
1054,5147,4
1055,5157,4
1056,5160,2
1057,5165,1
1058,5166,2
1059,5172,2
1060,5173,3
1061,5179,0
1062,5184,5
1063,5187,2
1064,5191,3
1065,5193,2
1066,5194,2
1067,5199,3
1068,5212,2
1069,5213,2
1070,5224,4
1071,5226,3
1072,5239,5
1073,5252,4
1074,5264,0
1075,5266,2
1076,5271,5
1077,5273,4
1078,5276,3
1079,5278,4
1080,5281,2
1081,5283,4
1082,5291,1
1083,5294,6
1084,5296,4
1085,5297,1
1086,5313,3
1087,5314,2
1088,5321,3
1089,5325,3
1090,5326,1
1091,5328,4
1092,5334,3
1093,5338,5
1094,5344,1
1095,5348,1
1096,5352,1
1097,5353,4
1098,5354,1
1099,5361,0
1100,5364,3
1101,5365,4
1102,5367,1
1103,5379,5
1104,5382,3
1105,5386,5
1106,5395,4
1107,5410,5
1108,5411,3
1109,5416,5
1110,5424,3
1111,5426,3
1112,5428,1
1113,5430,5
1114,5433,2
1115,5437,3
1116,5440,3
1117,5442,5
1118,5445,3
1119,5449,4
1120,5452,4
1121,5460,1
1122,5461,2
1123,5465,1
1124,5467,4
1125,5471,5
1126,5474,2
1127,5475,3
1128,5480,2
1129,5481,4
1130,5484,2
1131,5494,6
1132,5495,2
1133,5497,2
1134,5499,3
1135,5507,2
1136,5510,3
1137,5515,1
1138,5516,2
1139,5517,2
1140,5524,4
1141,5530,5
1142,5534,3
1143,5543,2
1144,5545,3
1145,5558,4
1146,5562,2
1147,5573,6
1148,5581,4
1149,5583,5
1150,5587,4
1151,5589,2
1152,5591,5
1153,5596,3
1154,5606,4
1155,5608,5
1156,5611,3
1157,5612,5
1158,5614,5
1159,5620,4
1160,5623,5
1161,5624,2
1162,5626,6
1163,5633,1
1164,5635,3
1165,5640,5
1166,5643,3
1167,5644,6
1168,5653,5
1169,5663,4
1170,5664,5
1171,5667,3
1172,5671,1
1173,5673,3
1174,5676,2
1175,5678,1
1176,5698,2
1177,5700,6
1178,5705,4
1179,5706,5
1180,5711,2
1181,5712,5
1182,5716,3
1183,5719,3
1184,5725,2
1185,5728,6
1186,5734,1
1187,5735,4
1188,5743,2
1189,5754,1
1190,5755,2
1191,5756,5
1192,5766,3
1193,5770,4
1194,5774,1
1195,5775,3
1196,5776,4
1197,5778,6
1198,5786,3
1199,5787,3
1200,5791,4
1201,5794,3
1202,5803,3
1203,5804,3
1204,5808,1
1205,5810,4
1206,5813,4
1207,5828,3
1208,5839,5
1209,5842,4
1210,5843,3
1211,5844,4
1212,5847,3
1213,5851,2
1214,5854,3
1215,5857,2
1216,5866,2
1217,5874,1
1218,5886,4
1219,5895,2
1220,5897,3
1221,5898,2
1222,5900,1
1223,5902,1
1224,5908,0
1225,5909,3
1226,5912,6
1227,5913,2
1228,5917,5
1229,5918,3
1230,5921,3
1231,5931,2
1232,5942,4
1233,5943,3
1234,5950,4
1235,5954,0
1236,5983,3
1237,5995,3
1238,6002,2
1239,6005,4
1240,6009,6
1241,6011,2
1242,6012,5
1243,6019,2
1244,6021,2
1245,6029,5
1246,6036,4
1247,6037,3
1248,6038,0
1249,6043,1
1250,6045,4
1251,6047,1
1252,6048,3
1253,6061,4
1254,6063,3
1255,6064,5
1256,6068,5
1257,6069,1
1258,6070,4
1259,6071,5
1260,6074,4
1261,6079,4
1262,6082,3
1263,6088,4
1264,6094,3
1265,6095,1
1266,6098,3
1267,6102,4
1268,6105,2
1269,6113,5
1270,6116,3
1271,6120,1
1272,6121,3
1273,6126,3
1274,6144,4
1275,6145,5
1276,6153,2
1277,6156,4
1278,6159,4
1279,6162,2
1280,6184,3
1281,6188,3
1282,6189,3
1283,6191,2
1284,6211,1
1285,6216,4
1286,6218,1
1287,6222,1
1288,6235,3
1289,6245,1
1290,6248,4
1291,6253,4
1292,6256,0
1293,6257,4
1294,6259,0
1295,6266,5
1296,6268,4
1297,6275,1
1298,6280,3
1299,6283,2
1300,6288,5
1301,6289,2
1302,6301,5
1303,6308,4
1304,6314,4
1305,6315,0
1306,6316,4
1307,6317,3
1308,6318,3
1309,6323,3
1310,6329,4
1311,6336,0
1312,6341,5
1313,6348,3
1314,6349,4
1315,6365,2
1316,6372,4
1317,6376,3
1318,6378,0
1319,6379,5
1320,6382,1
1321,6383,3
1322,6389,5
1323,6390,2
1324,6392,5
1325,6394,2
1326,6402,1
1327,6404,3
1328,6405,2
1329,6406,1
1330,6409,4
1331,6410,5
1332,6411,4
1333,6421,5
1334,6428,6
1335,6429,2
1336,6432,5
1337,6436,1
1338,6437,4
1339,6438,1
1340,6445,3
1341,6447,4
1342,6450,4
1343,6462,5
1344,6467,4
1345,6478,4
1346,6484,5
1347,6492,5
1348,6497,6
1349,6504,3
1350,6505,2
1351,6513,3
1352,6525,5
1353,6526,5
1354,6528,3
1355,6540,2
1356,6542,1
1357,6544,5
1358,6548,4
1359,6552,3
1360,6558,4
1361,6567,2
1362,6569,5
1363,6572,5
1364,6577,6
1365,6581,3
1366,6588,3
1367,6591,1
1368,6594,3
1369,6600,5
1370,6602,3
1371,6604,3
1372,6605,4
1373,6614,2
1374,6616,1
1375,6621,2
1376,6640,5
1377,6641,3
1378,6643,2
1379,6644,2
1380,6649,2
1381,6650,4
1382,6655,5
1383,6661,2
1384,6672,5
1385,6677,1
1386,6688,2
1387,6689,5
1388,6691,3
1389,6692,5
1390,6694,4
1391,6702,2
1392,6714,1
1393,6716,5
1394,6724,4
1395,6725,2
1396,6730,4
1397,6735,3
1398,6738,2
1399,6739,3
1400,6743,4
1401,6747,3
1402,6750,6
1403,6751,3
1404,6753,4
1405,6754,3
1406,6755,1
1407,6762,4
1408,6764,4
1409,6772,1
1410,6774,1
1411,6787,3
1412,6789,3
1413,6793,4
1414,6798,2
1415,6799,0
1416,6800,4
1417,6802,2
1418,6808,1
1419,6809,4
1420,6812,4
1421,6814,3
1422,6816,3
1423,6822,1
1424,6829,4
1425,6834,2
1426,6836,4
1427,6839,4
1428,6840,2
1429,6843,2
1430,6846,2
1431,6848,2
1432,6852,3
1433,6856,5
1434,6860,5
1435,6866,4
1436,6870,4
1437,6878,2
1438,6880,5
1439,6885,5
1440,6897,4
1441,6902,4
1442,6904,4
1443,6907,4
1444,6909,1
1445,6914,2
1446,6915,5
1447,6922,1
1448,6924,2
1449,6933,4
1450,6934,5
1451,6941,4
1452,6957,2
1453,6960,1
1454,6969,1
1455,6975,3
1456,6980,2
1457,6983,2
1458,6987,2
1459,6994,2
1460,6997,4
1461,7002,3
1462,7010,2
1463,7015,3
1464,7019,3
1465,7022,4
1466,7025,2
1467,7029,3
1468,7031,2
1469,7037,3
1470,7038,4
1471,7043,1
1472,7049,3
1473,7052,3
1474,7053,4
1475,7056,3
1476,7057,4
1477,7080,2
1478,7086,1
1479,7087,3
1480,7105,4
1481,7108,3
1482,7121,1
1483,7122,2
1484,7125,2
1485,7132,3
1486,7134,4
1487,7151,3
1488,7152,3
1489,7157,3
1490,7159,1
1491,7166,1
1492,7167,2
1493,7177,3
1494,7179,2
1495,7181,1
1496,7183,5
1497,7186,4
1498,7193,5
1499,7205,3
1500,7207,2
1501,7209,4
1502,7216,2
1503,7232,1
1504,7235,2
1505,7238,3
1506,7240,2
1507,7243,1
1508,7252,2
1509,7269,3
1510,7275,4
1511,7281,2
1512,7283,2
1513,7287,6
1514,7289,6
1515,7291,4
1516,7294,2
1517,7304,5
1518,7308,4
1519,7313,3
1520,7319,1
1521,7325,2
1522,7326,2
1523,7330,5
1524,7332,4
1525,7337,2
1526,7341,0
1527,7346,3
1528,7353,2
1529,7354,5
1530,7361,2
1531,7366,0
1532,7368,5
1533,7372,4
1534,7375,3
1535,7377,6
1536,7380,2
1537,7382,4
1538,7385,3
1539,7392,2
1540,7395,5
1541,7397,4
1542,7403,4
1543,7406,3
1544,7409,0
1545,7410,4
1546,7412,4
1547,7419,3
1548,7425,3
1549,7435,7
1550,7438,4
1551,7440,5
1552,7447,3
1553,7449,2
1554,7456,4
1555,7464,4
1556,7478,2
1557,7480,3
1558,7481,5
1559,7483,4
1560,7484,2
1561,7491,4
1562,7494,2
1563,7501,3
1564,7503,4
1565,7509,2
1566,7517,0
1567,7518,6
1568,7519,2
1569,7521,5
1570,7522,3
1571,7536,4
1572,7539,1
1573,7547,6
1574,7549,3
1575,7552,3
1576,7554,2
1577,7556,4
1578,7564,4
1579,7566,1
1580,7570,4
1581,7571,3
1582,7572,4
1583,7575,2
1584,7586,4
1585,7589,5
1586,7590,3
1587,7597,4
1588,7602,5
1589,7604,5
1590,7605,3
1591,7612,1
1592,7615,4
1593,7617,3
1594,7624,4
1595,7632,4
1596,7639,5
1597,7642,3
1598,7643,4
1599,7649,4
1600,7650,1
1601,7653,4
1602,7654,3
1603,7657,5
1604,7662,1
1605,7669,4
1606,7671,3
1607,7675,1
1608,7678,4
1609,7682,4
1610,7688,1
1611,7689,2
1612,7690,5
1613,7692,3
1614,7699,2
1615,7705,3
1616,7712,3
1617,7726,4
1618,7728,2
1619,7735,4
1620,7737,3
1621,7739,4
1622,7743,2
1623,7744,5
1624,7746,3
1625,7749,0
1626,7750,4
1627,7752,4
1628,7755,5
1629,7756,4
1630,7762,4
1631,7764,0
1632,7769,3
1633,7770,3
1634,7776,5
1635,7778,5
1636,7784,2
1637,7786,3
1638,7789,3
1639,7793,4
1640,7794,1
1641,7804,3
1642,7811,5
1643,7813,2
1644,7815,2
1645,7817,1
1646,7818,4
1647,7821,6
1648,7825,3
1649,7830,5
1650,7832,4
1651,7835,2
1652,7839,6
1653,7842,5
1654,7849,4
1655,7856,3
1656,7857,3
1657,7863,5
1658,7866,5
1659,7871,3
1660,7875,3
1661,7882,2
1662,7887,1
1663,7888,4
1664,7891,2
1665,7895,4
1666,7901,5
1667,7906,2
1668,7908,1
1669,7917,2
1670,7924,3
1671,7948,4
1672,7950,5
1673,7955,2
1674,7957,2
1675,7959,3
1676,7967,5
1677,7969,2
1678,7971,5
1679,7974,3
1680,7976,3
1681,7986,6
1682,7987,0
1683,7993,4
1684,7996,4
1685,7998,3
1686,8018,4
1687,8019,3
1688,8027,2
1689,8036,2
1690,8040,5
1691,8044,2
1692,8050,3
1693,8052,0
1694,8054,1
1695,8057,4
1696,8058,5
1697,8059,3
1698,8066,3
1699,8070,6
1700,8072,7
1701,8078,3
1702,8079,3
1703,8080,4
1704,8081,5
1705,8088,2
1706,8091,2
1707,8094,3
1708,8095,3
1709,8099,5
1710,8101,5
1711,8102,5
1712,8116,5
1713,8125,4
1714,8134,1
1715,8139,1
1716,8141,4
1717,8147,3
1718,8158,6
1719,8160,3
1720,8165,3
1721,8187,2
1722,8205,2
1723,8209,2
1724,8211,4
1725,8232,4
1726,8236,5
1727,8237,5
1728,8238,6
1729,8245,4
1730,8256,3
1731,8268,3
1732,8269,3
1733,8270,5
1734,8286,3
1735,8289,4
1736,8301,3
1737,8305,2
1738,8310,3
1739,8312,1
1740,8318,5
1741,8321,4
1742,8328,1
1743,8331,4
1744,8334,2
1745,8344,4
1746,8345,2
1747,8352,4
1748,8358,4
1749,8359,2
1750,8360,3
1751,8365,3
1752,8366,3
1753,8369,5
1754,8373,5
1755,8378,4
1756,8392,3
1757,8397,3
1758,8399,2
1759,8400,3
1760,8405,2
1761,8406,5
1762,8410,1
1763,8413,4
1764,8414,0
1765,8416,5
1766,8426,3
1767,8434,5
1768,8439,2
1769,8440,1
1770,8475,4
1771,8480,5
1772,8497,2
1773,8499,1
1774,8500,3
1775,8501,3
1776,8502,3
1777,8518,5
1778,8520,4
1779,8523,5
1780,8525,1
1781,8532,3
1782,8535,2
1783,8543,2
1784,8554,1
1785,8560,5
1786,8561,4
1787,8563,1
1788,8566,2
1789,8570,4
1790,8572,4
1791,8582,1
1792,8583,2
1793,8587,1
1794,8592,2
1795,8593,1
1796,8607,0
1797,8609,5
1798,8610,4
1799,8614,4
1800,8616,5
1801,8622,4
1802,8623,3
1803,8624,2
1804,8633,5
1805,8641,6
1806,8644,5
1807,8649,4
1808,8653,3
1809,8657,6
1810,8658,3
1811,8663,3
1812,8672,2
1813,8680,1
1814,8684,3
1815,8687,1
1816,8688,4
1817,8690,4
1818,8712,0
1819,8717,3
1820,8730,5
1821,8739,4
1822,8744,4
1823,8747,5
1824,8748,4
1825,8751,3
1826,8758,4
1827,8761,2
1828,8763,2
1829,8764,4
1830,8765,6
1831,8773,5
1832,8780,3
1833,8781,3
1834,8782,4
1835,8785,0
1836,8786,2
1837,8797,1
1838,8799,4
1839,8807,1
1840,8816,4
1841,8817,3
1842,8826,5
1843,8833,3
1844,8834,3
1845,8835,2
1846,8840,5
1847,8843,3
1848,8849,3
1849,8855,3
1850,8861,2
1851,8862,4
1852,8865,3
1853,8868,5
1854,8870,5
1855,8880,4
1856,8885,1
1857,8894,2
1858,8895,4
1859,8899,5
1860,8912,2
1861,8922,3
1862,8924,3
1863,8928,5
1864,8932,1
1865,8943,5
1866,8945,6
1867,8946,5
1868,8954,1
1869,8958,4
1870,8960,1
1871,8965,1
1872,8966,5
1873,8967,2
1874,8969,3
1875,8980,4
1876,8984,4
1877,8985,3
1878,8988,3
1879,8989,5
1880,8995,2
1881,9004,3
1882,9010,1
1883,9012,1
1884,9018,4
1885,9036,0
1886,9037,2
1887,9040,2
1888,9041,5
1889,9044,6
1890,9045,3
1891,9047,3
1892,9049,0
1893,9061,2
1894,9062,3
1895,9076,4
1896,9079,2
1897,9081,4
1898,9082,4
1899,9089,1
1900,9092,3
1901,9094,2
1902,9115,1
1903,9117,4
1904,9118,3
1905,9120,1
1906,9124,3
1907,9128,1
1908,9135,1
1909,9136,3
1910,9138,4
1911,9157,4
1912,9176,2
1913,9183,2
1914,9187,3
1915,9188,2
1916,9190,4
1917,9197,4
1918,9200,4
1919,9201,1
1920,9203,1
1921,9212,4
1922,9213,2
1923,9214,5
1924,9217,2
1925,9219,3
1926,9220,5
1927,9221,6
1928,9237,2
1929,9240,4
1930,9241,2
1931,9248,3
1932,9253,6
1933,9259,5
1934,9267,1
1935,9271,2
1936,9273,1
1937,9285,5
1938,9290,4
1939,9291,3
1940,9293,1
1941,9294,4
1942,9301,3
1943,9302,4
1944,9312,2
1945,9316,4
1946,9319,1
1947,9328,5
1948,9331,4
1949,9338,0
1950,9350,3
1951,9356,3
1952,9359,1
1953,9362,3
1954,9364,3
1955,9370,3
1956,9380,1
1957,9386,5
1958,9394,1
1959,9407,4
1960,9411,3
1961,9422,3
1962,9423,0
1963,9429,2
1964,9433,1
1965,9439,0
1966,9451,4
1967,9452,3
1968,9453,2
1969,9460,5
1970,9465,6
1971,9470,5
1972,9476,4
1973,9485,4
1974,9486,1
1975,9488,3
1976,9507,5
1977,9508,1
1978,9517,7
1979,9521,5
1980,9528,3
1981,9532,3
1982,9536,3
1983,9540,5
1984,9542,4
1985,9546,4
1986,9548,4
1987,9549,6
1988,9554,5
1989,9555,5
1990,9558,1
1991,9573,1
1992,9575,5
1993,9584,3
1994,9586,4
1995,9588,5
1996,9591,2
1997,9592,4
1998,9597,6
1999,9600,4
2000,9603,4
2001,9605,3
2002,9614,1
2003,9616,5
2004,9622,4
2005,9624,4
2006,9629,0
2007,9633,4
2008,9640,5
2009,9644,1
2010,9645,0
2011,9646,3
2012,9648,3
2013,9649,1
2014,9660,4
2015,9664,4
2016,9675,1
2017,9679,3
2018,9680,3
2019,9682,1
2020,9697,3
2021,9701,4
2022,9704,2
2023,9705,2
2024,9707,4
2025,9714,1
2026,9718,3
2027,9722,5
2028,9739,3
2029,9747,6
2030,9751,1
2031,9757,3
2032,9759,4
2033,9760,4
2034,9764,3
2035,9776,2
2036,9778,3
2037,9786,1
2038,9803,3
2039,9804,5
2040,9815,5
2041,9824,2
2042,9825,0
2043,9826,3
2044,9827,4
2045,9833,4
2046,9835,1
2047,9860,4
2048,9865,3
2049,9871,3
2050,9874,1
2051,9880,3
2052,9882,1
2053,9885,3
2054,9888,5
2055,9892,2
2056,9893,5
2057,9896,1
2058,9902,3
2059,9906,4
2060,9910,5
2061,9914,1
2062,9918,1
2063,9920,1
2064,9926,5
2065,9931,6
2066,9935,4
2067,9945,4
2068,9953,2
2069,9957,3
2070,9963,5
2071,9972,4
2072,9976,4
2073,9979,3
2074,9980,2
2075,9982,2
2076,9991,4
2077,10000,5
2078,10003,4
2079,10005,3
2080,10014,4
2081,10032,3
2082,10034,3
2083,10041,2
2084,10042,4
2085,10044,5
2086,10045,1
2087,10054,4
2088,10061,5
2089,10062,1
2090,10073,1
2091,10081,0
2092,10084,1
2093,10086,0
2094,10093,2
2095,10101,5
2096,10105,4
2097,10110,4
2098,10113,3
2099,10115,3
2100,10119,4
2101,10121,4
2102,10124,1
2103,10126,5
2104,10127,3
2105,10145,3
2106,10147,2
2107,10148,3
2108,10162,2
2109,10163,3
2110,10166,2
2111,10172,4
2112,10173,2
2113,10175,2
2114,10180,3
2115,10186,2
2116,10192,4
2117,10199,3
2118,10209,1
2119,10210,6
2120,10214,3
2121,10215,0
2122,10216,1
2123,10232,3
2124,10239,5
2125,10249,5
2126,10253,5
2127,10255,2
2128,10262,3
2129,10264,2
2130,10266,2
2131,10268,2
2132,10271,3
2133,10272,5
2134,10276,1
2135,10277,2
2136,10279,3
2137,10281,2
2138,10285,2
2139,10294,2
2140,10300,3
2141,10304,3
2142,10307,3
2143,10309,5
2144,10310,1
2145,10312,1
2146,10321,3
2147,10332,0
2148,10336,4
2149,10368,3
2150,10369,5
2151,10375,1
2152,10376,1
2153,10379,4
2154,10380,3
2155,10383,2
2156,10385,5
2157,10387,4
2158,10397,3
2159,10412,3
2160,10413,2
2161,10418,2
2162,10420,3
2163,10426,4
2164,10427,3
2165,10428,3
2166,10430,2
2167,10435,2
2168,10436,1
2169,10446,6
2170,10448,4
2171,10449,4
2172,10463,2
2173,10469,2
2174,10470,4
2175,10471,4
2176,10473,5
2177,10476,3
2178,10482,3
2179,10500,3
2180,10511,5
2181,10512,4
2182,10514,4
2183,10515,4
2184,10526,1
2185,10546,2
2186,10549,4
2187,10553,1
2188,10558,2
2189,10575,0
2190,10581,2
2191,10583,2
2192,10584,1
2193,10585,1
2194,10610,2
2195,10611,1
2196,10616,5
2197,10618,3
2198,10628,0
2199,10632,2
2200,10642,4
2201,10648,3
2202,10649,4
2203,10650,3
2204,10654,2
2205,10656,5
2206,10661,5
2207,10663,1
2208,10672,3
2209,10678,5
2210,10685,4
2211,10690,5
2212,10702,4
2213,10706,3
2214,10708,3
2215,10716,3
2216,10717,4
2217,10720,5
2218,10729,1
2219,10730,5
2220,10745,1
2221,10753,3
2222,10754,2
2223,10762,2
2224,10766,2
2225,10776,1
2226,10783,2
2227,10789,3
2228,10790,5
2229,10797,0
2230,10807,3
2231,10810,1
2232,10817,3
2233,10820,3
2234,10822,4
2235,10828,4
2236,10829,3
2237,10830,3
2238,10831,6
2239,10841,6
2240,10847,3
2241,10856,0
2242,10860,0
2243,10861,5
2244,10863,3
2245,10875,3
2246,10884,4
2247,10895,2
2248,10897,3
2249,10898,3
2250,10903,0
2251,10908,2
2252,10924,2
2253,10926,3
2254,10927,3
2255,10928,3
2256,10933,1
2257,10939,6
2258,10942,4
2259,10945,3
2260,10949,4
2261,10950,3
2262,10958,6
2263,10963,4
2264,10967,3
2265,10971,1
2266,10972,2
2267,10974,4
2268,10976,5
2269,10980,3
2270,10991,2
2271,10995,4
2272,11014,5
2273,11017,5
2274,11019,5
2275,11022,2
2276,11030,4
2277,11031,3
2278,11041,2
2279,11042,4
2280,11044,4
2281,11047,5
2282,11048,3
2283,11049,3
2284,11052,3
2285,11058,1
2286,11069,3
2287,11070,3
2288,11073,5
2289,11074,2
2290,11078,1
2291,11079,0
2292,11085,1
2293,11088,4
2294,11106,1
2295,11110,6
2296,11114,4
2297,11118,2
2298,11129,4
2299,11130,4
2300,11131,4
2301,11133,3
2302,11138,4
2303,11143,4
2304,11146,5
2305,11153,4
2306,11162,3
2307,11170,6
2308,11171,0
2309,11201,3
2310,11216,5
2311,11219,3
2312,11222,5
2313,11234,2
2314,11238,4
2315,11244,3
2316,11246,1
2317,11248,2
2318,11250,1
2319,11256,5
2320,11259,2
2321,11263,0
2322,11264,3
2323,11270,2
2324,11274,2
2325,11281,3
2326,11285,1
2327,11300,2
2328,11305,3
2329,11317,4
2330,11319,2
2331,11330,2
2332,11334,5
2333,11335,5
2334,11336,3
2335,11356,4
2336,11358,3
2337,11360,1
2338,11364,1
2339,11373,5
2340,11379,3
2341,11382,4
2342,11383,2
2343,11385,5
2344,11387,3
2345,11391,3
2346,11397,2
2347,11404,2
2348,11405,0
2349,11409,5
2350,11419,3
2351,11430,4
2352,11434,5
2353,11436,3
2354,11440,3
2355,11443,3
2356,11449,2
2357,11452,4
2358,11453,1
2359,11456,4
2360,11457,1
2361,11459,4
2362,11471,0
2363,11476,3
2364,11479,0
2365,11481,3
2366,11485,3
2367,11486,3
2368,11487,3
2369,11488,2
2370,11498,1
2371,11506,3
2372,11511,5
2373,11515,2
2374,11518,0
2375,11521,2
2376,11523,3
2377,11524,2
2378,11525,4
2379,11528,1
2380,11530,3
2381,11531,3
2382,11533,3
2383,11535,4
2384,11537,4
2385,11538,2
2386,11541,1
2387,11548,4
2388,11552,3
2389,11558,1
2390,11560,2
2391,11566,2
2392,11572,1
2393,11573,5
2394,11582,4
2395,11586,3
2396,11590,4
2397,11591,2
2398,11601,4
2399,11611,4
2400,11617,2
2401,11619,5
2402,11624,4
2403,11626,6
2404,11644,2
2405,11652,0
2406,11656,1
2407,11658,3
2408,11659,5
2409,11663,3
2410,11665,4
2411,11683,4
2412,11685,2
2413,11691,3
2414,11694,3
2415,11698,0
2416,11700,3
2417,11703,3
2418,11705,2
2419,11710,3
2420,11711,3
2421,11714,1
2422,11731,5
2423,11732,0
2424,11742,3
2425,11744,4
2426,11745,3
2427,11749,2
2428,11756,3
2429,11761,1
2430,11762,4
2431,11766,5
2432,11767,7
2433,11769,3
2434,11770,4
2435,11771,4
2436,11777,4
2437,11778,5
2438,11779,1
2439,11788,2
2440,11790,4
2441,11794,4
2442,11801,4
2443,11807,0
2444,11812,4
2445,11817,1
2446,11818,3
2447,11825,1
2448,11828,5
2449,11833,5
2450,11837,5
2451,11838,0
2452,11842,2
2453,11853,5
2454,11857,5
2455,11858,1
2456,11860,5
2457,11867,4
2458,11868,5
2459,11871,5
2460,11875,3
2461,11881,6
2462,11890,2
2463,11892,4
2464,11894,3
2465,11896,5
2466,11903,4
2467,11905,4
2468,11907,3
2469,11909,6
2470,11911,3
2471,11915,2
2472,11918,3
2473,11920,5
2474,11923,4
2475,11924,3
2476,11926,2
2477,11931,4
2478,11933,4
2479,11940,5
2480,11951,3
2481,11953,3
2482,11973,1
2483,11984,2
2484,11985,2
2485,11991,2
2486,12002,3
2487,12006,3
2488,12008,5
2489,12013,1
2490,12015,4
2491,12016,5
2492,12023,1
2493,12029,2
2494,12036,1
2495,12038,3
2496,12041,2
2497,12049,4
2498,12050,1
2499,12054,3
2500,12060,3
2501,12062,5
2502,12065,3
2503,12079,1
2504,12083,6
2505,12090,5
2506,12091,5
2507,12094,4
2508,12099,4
2509,12101,3
2510,12110,2
2511,12116,5
2512,12122,4
2513,12127,6
2514,12133,4
2515,12142,1
2516,12147,5
2517,12156,3
2518,12157,5
2519,12158,5
2520,12161,5
2521,12163,4
2522,12166,3
2523,12170,1
2524,12174,5
2525,12183,1
2526,12188,2
2527,12189,4
2528,12192,4
2529,12201,3
2530,12204,0
2531,12207,0
2532,12208,1
2533,12209,4
2534,12210,6
2535,12217,3
2536,12227,2
2537,12231,4
2538,12232,4
2539,12239,5
2540,12240,2
2541,12251,3
2542,12256,5
2543,12261,1
2544,12263,3
2545,12266,1
2546,12267,3
2547,12268,4
2548,12279,5
2549,12280,4
2550,12283,3
2551,12284,0
2552,12285,6
2553,12286,5
2554,12292,5
2555,12295,2
2556,12301,3
2557,12314,3
2558,12315,0
2559,12318,1
2560,12332,5
2561,12334,1
2562,12337,4
2563,12338,5
2564,12349,4
2565,12350,3
2566,12359,5
2567,12360,5
2568,12373,5
2569,12374,2
2570,12380,4
2571,12382,3
2572,12383,3
2573,12390,4
2574,12398,4
2575,12405,4
2576,12407,3
2577,12410,6
2578,12418,6
2579,12421,4
2580,12422,2
2581,12439,1
2582,12444,4
2583,12463,5
2584,12465,1
2585,12470,4
2586,12471,4
2587,12480,4
2588,12482,4
2589,12484,3
2590,12487,4
2591,12491,3
2592,12503,5
2593,12507,2
2594,12526,2
2595,12533,3
2596,12540,1
2597,12543,2
2598,12552,1
2599,12555,5
2600,12556,4
2601,12570,4
2602,12579,4
2603,12588,3
2604,12600,2
2605,12615,5
2606,12624,4
2607,12629,1
2608,12634,3
2609,12638,2
2610,12646,2
2611,12650,0
2612,12665,3
2613,12674,3
2614,12676,0
2615,12678,3
2616,12685,3
2617,12690,3
2618,12698,4
2619,12702,5
2620,12704,3
2621,12705,3
2622,12710,4
2623,12715,5
2624,12720,3
2625,12734,2
2626,12744,4
2627,12747,1
2628,12757,5
2629,12758,2
2630,12766,1
2631,12782,3
2632,12787,1
2633,12799,3
2634,12804,5
2635,12809,3
2636,12813,3
2637,12816,3
2638,12821,4
2639,12826,2
2640,12831,4
2641,12832,3
2642,12833,3
2643,12835,4
2644,12842,1
2645,12844,4
2646,12847,1
2647,12852,3
2648,12856,4
2649,12857,3
2650,12858,6
2651,12861,3
2652,12869,4
2653,12876,3
2654,12877,2
2655,12879,3
2656,12882,5
2657,12883,4
2658,12887,3
2659,12889,4
2660,12891,5
2661,12894,4
2662,12895,2
2663,12899,2
2664,12905,6
2665,12913,1
2666,12916,2
2667,12917,3
2668,12925,4
2669,12934,5
2670,12939,5
2671,12943,1
2672,12950,5
2673,12961,0
2674,12963,2
2675,12973,1
2676,12979,4
2677,12980,1
2678,12981,1
2679,12982,2
2680,12992,2
2681,12994,0
2682,12999,3
2683,13002,4
2684,13004,1
2685,13010,2
2686,13013,3
2687,13015,5
2688,13019,5
2689,13030,1
2690,13031,5
2691,13036,3
2692,13037,5
2693,13042,2
2694,13054,3
2695,13060,2
2696,13072,3
2697,13073,3
2698,13079,5
2699,13081,1
2700,13086,2
2701,13087,4
2702,13090,2
2703,13098,3
2704,13100,3
2705,13105,1
2706,13106,3
2707,13107,4
2708,13113,7
2709,13115,5
2710,13117,1
2711,13118,3
2712,13121,1
2713,13137,2
2714,13146,2
2715,13150,6
2716,13151,4
2717,13152,2
2718,13156,3
2719,13165,5
2720,13169,4
2721,13178,4
2722,13180,3
2723,13183,4
2724,13184,0
2725,13188,3
2726,13191,4
2727,13196,1
2728,13203,4
2729,13206,2
2730,13211,4
2731,13219,1
2732,13223,6
2733,13226,4
2734,13228,3
2735,13230,5
2736,13240,5
2737,13249,5
2738,13250,1
2739,13256,4
2740,13261,2
2741,13263,2
2742,13268,5
2743,13275,1
2744,13277,5
2745,13283,4
2746,13284,2
2747,13285,3
2748,13286,4
2749,13287,1
2750,13290,3
2751,13291,1
2752,13294,5
2753,13295,3
2754,13303,3
2755,13306,1
2756,13311,5
2757,13322,0
2758,13331,0
2759,13337,5
2760,13344,2
2761,13362,5
2762,13364,3
2763,13366,2
2764,13368,3
2765,13370,2
2766,13377,5
2767,13378,2
2768,13388,0
2769,13392,5
2770,13398,5
2771,13403,5
2772,13404,4
2773,13409,4
2774,13416,2
2775,13422,0
2776,13427,3
2777,13433,5
2778,13438,3
2779,13441,5
2780,13449,5
2781,13450,3
2782,13453,3
2783,13460,3
2784,13461,5
2785,13465,3
2786,13468,1
2787,13481,4
2788,13485,2
2789,13487,5
2790,13490,4
2791,13493,3
2792,13497,2
2793,13508,2
2794,13516,0
2795,13525,3
2796,13533,4
2797,13535,2
2798,13538,4
2799,13545,3
2800,13566,3
2801,13581,3
2802,13584,2
2803,13588,3
2804,13596,3
2805,13600,6
2806,13604,4
2807,13608,3
2808,13611,3
2809,13612,1
2810,13615,4
2811,13616,4
2812,13618,4
2813,13625,2
2814,13628,3
2815,13629,0
2816,13630,5
2817,13633,4
2818,13637,4
2819,13640,1
2820,13641,2
2821,13651,5
2822,13674,4
2823,13684,4
2824,13690,2
2825,13707,4
2826,13709,5
2827,13710,4
2828,13713,5
2829,13724,2
2830,13725,1
2831,13731,2
2832,13736,2
2833,13740,1
2834,13745,6
2835,13748,2
2836,13751,0
2837,13758,2
2838,13762,1
2839,13764,5
2840,13765,2
2841,13769,2
2842,13770,3
2843,13774,5
2844,13787,3
2845,13791,1
2846,13802,2
2847,13807,3
2848,13808,2
2849,13809,2
2850,13810,4
2851,13822,5
2852,13823,3
2853,13825,4
2854,13826,1
2855,13833,4
2856,13837,3
2857,13842,4
2858,13846,3
2859,13852,5
2860,13853,0
2861,13858,1
2862,13860,2
2863,13866,2
2864,13886,1
2865,13887,0
2866,13890,3
2867,13891,3
2868,13893,2
2869,13902,6
2870,13903,2
2871,13908,4
2872,13912,2
2873,13924,1
2874,13928,3
2875,13929,3
2876,13938,4
2877,13939,3
2878,13941,5
2879,13951,2
2880,13962,1
2881,13964,3
2882,13967,3
2883,13971,4
2884,13972,4
2885,13975,1
2886,13977,3
2887,13979,4
2888,13983,1
2889,13984,3
2890,13987,1
2891,13994,5
2892,13999,3
2893,14003,5
2894,14008,4
2895,14011,5
2896,14012,2
2897,14016,3
2898,14017,3
2899,14020,1
2900,14027,2
2901,14038,4
2902,14040,5
2903,14042,2
2904,14055,2
2905,14057,5
2906,14060,2
2907,14081,2
2908,14091,4
2909,14111,3
2910,14117,5
2911,14121,4
2912,14122,5
2913,14125,2
2914,14129,1
2915,14135,0
2916,14148,1
2917,14157,4
2918,14161,1
2919,14163,1
2920,14172,4
2921,14180,1
2922,14182,5
2923,14188,2
2924,14191,3
2925,14201,6
2926,14202,4
2927,14213,4
2928,14220,1
2929,14224,3
2930,14231,2
2931,14241,5
2932,14243,4
2933,14245,3
2934,14247,2
2935,14248,3
2936,14252,3
2937,14254,5
2938,14260,3
2939,14269,4
2940,14272,1
2941,14274,4
2942,14279,3
2943,14280,5
2944,14290,3
2945,14298,7
2946,14308,5
2947,14313,4
2948,14316,4
2949,14319,5
2950,14322,0
2951,14323,3
2952,14325,6
2953,14337,4
2954,14339,4
2955,14341,3
2956,14342,5
2957,14346,6
2958,14351,4
2959,14354,1
2960,14355,1
2961,14358,6
2962,14359,1
2963,14364,4
2964,14374,1
2965,14376,2
2966,14382,3
2967,14384,3
2968,14393,1
2969,14398,3
2970,14403,4
2971,14406,0
2972,14408,4
2973,14411,2
2974,14414,4
2975,14418,3
2976,14423,4
2977,14442,4
2978,14443,4
2979,14444,3
2980,14446,3
2981,14455,3
2982,14456,5
2983,14458,4
2984,14464,4
2985,14466,5
2986,14467,3
2987,14469,3
2988,14483,1
2989,14484,3
2990,14490,3
2991,14491,2
2992,14494,3
2993,14496,4
2994,14503,0
2995,14504,3
2996,14505,3
2997,14506,1
2998,14507,1
2999,14512,2
3000,14520,5
3001,14527,2
3002,14531,5
3003,14532,1
3004,14535,2
3005,14543,1
3006,14554,4
3007,14556,6
3008,14557,4
3009,14561,2
3010,14562,4
3011,14567,1
3012,14568,2
3013,14574,4
3014,14575,3
3015,14579,3
3016,14581,4
3017,14582,2
3018,14586,2
3019,14591,3
3020,14598,3
3021,14599,3
3022,14600,1
3023,14612,5
3024,14613,1
3025,14624,5
3026,14626,3
3027,14630,4
3028,14633,2
3029,14639,3
3030,14642,3
3031,14643,5
3032,14649,2
3033,14650,2
3034,14653,2
3035,14655,2
3036,14656,3
3037,14662,4
3038,14663,1
3039,14673,2
3040,14674,2
3041,14676,4
3042,14682,2
3043,14685,5
3044,14689,3
3045,14693,3
3046,14697,3
3047,14700,3
3048,14704,1
3049,14710,4
3050,14719,3
3051,14724,5
3052,14728,4
3053,14735,3
3054,14736,2
3055,14741,1
3056,14744,1
3057,14753,1
3058,14756,4
3059,14762,5
3060,14765,5
3061,14783,5
3062,14784,3
3063,14786,1
3064,14790,1
3065,14793,3
3066,14796,5
3067,14801,1
3068,14807,1
3069,14812,4
3070,14815,5
3071,14831,4
3072,14833,5
3073,14836,5
3074,14856,4
3075,14859,3
3076,14861,3
3077,14863,1
3078,14865,2
3079,14880,1
3080,14881,4
3081,14883,1
3082,14884,5
3083,14894,4
3084,14896,4
3085,14899,3
3086,14900,3
3087,14901,2
3088,14906,4
3089,14907,1
3090,14915,5
3091,14919,3
3092,14926,6
3093,14927,3
3094,14933,3
3095,14937,3
3096,14939,2
3097,14940,2
3098,14943,1
3099,14953,3
3100,14954,2
3101,14969,3
3102,14999,6
3103,15008,4
3104,15009,4
3105,15018,5
3106,15023,4
3107,15025,2
3108,15034,4
3109,15036,5
3110,15051,2
3111,15052,3
3112,15064,4
3113,15070,4
3114,15074,4
3115,15077,5
3116,15081,4
3117,15086,5
3118,15093,1
3119,15094,1
3120,15103,2
3121,15104,1
3122,15110,2
3123,15112,3
3124,15115,5
3125,15131,1
3126,15139,3
3127,15141,3
3128,15148,1
3129,15154,5
3130,15156,3
3131,15161,1
3132,15167,3
3133,15178,4
3134,15205,4
3135,15207,2
3136,15222,4
3137,15223,4
3138,15225,4
3139,15228,5
3140,15239,2
3141,15241,2
3142,15246,2
3143,15247,1
3144,15249,3
3145,15255,3
3146,15257,2
3147,15267,2
3148,15277,3
3149,15280,5
3150,15289,5
3151,15297,2
3152,15302,1
3153,15304,1
3154,15312,1
3155,15321,1
3156,15325,1
3157,15326,4
3158,15333,4
3159,15337,1
3160,15338,3
3161,15340,5
3162,15342,2
3163,15344,3
3164,15347,1
3165,15349,5
3166,15355,2
3167,15359,2
3168,15366,1
3169,15367,0
3170,15368,1
3171,15369,4
3172,15380,4
3173,15381,3
3174,15387,0
3175,15388,3
3176,15389,0
3177,15392,2
3178,15400,3
3179,15405,3
3180,15407,3
3181,15408,6
3182,15411,3
3183,15413,4
3184,15418,5
3185,15419,5
3186,15421,3
3187,15425,3
3188,15436,4
3189,15438,4
3190,15440,4
3191,15443,4
3192,15460,2
3193,15464,2
3194,15465,2
3195,15473,2
3196,15475,2
3197,15483,2
3198,15494,5
3199,15495,6
3200,15498,3
3201,15499,3
3202,15500,0
3203,15501,1
3204,15510,2
3205,15512,2
3206,15516,3
3207,15518,5
3208,15519,4
3209,15524,3
3210,15527,1
3211,15529,2
3212,15530,1
3213,15538,0
3214,15539,3
3215,15541,1
3216,15546,2
3217,15547,4
3218,15548,2
3219,15552,1
3220,15556,5
3221,15567,3
3222,15572,3
3223,15573,5
3224,15574,3
3225,15577,1
3226,15579,4
3227,15581,2
3228,15589,2
3229,15596,2
3230,15598,5
3231,15599,4
3232,15605,6
3233,15606,5
3234,15608,4
3235,15616,4
3236,15618,1
3237,15621,0
3238,15626,1
3239,15638,3
3240,15639,1
3241,15642,1
3242,15644,3
3243,15646,5
3244,15649,5
3245,15656,2
3246,15659,1
3247,15680,1
3248,15686,4
3249,15693,2
3250,15697,5
3251,15699,5
3252,15701,5
3253,15705,2
3254,15714,2
3255,15722,4
3256,15728,4
3257,15734,3
3258,15752,2
3259,15756,4
3260,15760,4
3261,15762,4
3262,15767,4
3263,15768,1
3264,15773,5
3265,15774,3
3266,15781,3
3267,15782,3
3268,15784,7
3269,15791,2
3270,15796,4
3271,15798,5
3272,15806,1
3273,15814,0
3274,15819,3
3275,15825,4
3276,15826,4
3277,15831,4
3278,15835,6
3279,15836,1
3280,15839,5
3281,15845,3
3282,15858,1
3283,15859,4
3284,15876,5
3285,15878,4
3286,15880,1
3287,15886,4
3288,15888,2
3289,15891,3
3290,15900,2
3291,15902,4
3292,15904,3
3293,15908,2
3294,15910,1
3295,15917,4
3296,15919,5
3297,15924,3
3298,15927,3
3299,15937,1
3300,15946,3
3301,15949,3
3302,15957,5
3303,15961,4
3304,15964,2
3305,15965,3
3306,15966,1
3307,15978,2
3308,15983,1
3309,15987,3
3310,15988,3
3311,15998,2
3312,16004,3
3313,16008,4
3314,16011,1
3315,16023,3
3316,16024,2
3317,16025,3
3318,16048,5
3319,16050,3
3320,16051,1
3321,16057,1
3322,16059,5
3323,16060,4
3324,16075,4
3325,16094,6
3326,16096,5
3327,16116,1
3328,16118,2
3329,16121,2
3330,16122,4
3331,16124,6
3332,16125,4
3333,16126,3
3334,16130,4
